image,query,label,startX,startY,endX,endY
398faec8-6799-11e5-8dc4-40f2e96c8ad8.jpg,city garbage,1,18,113,528,427
3adba2c8-6799-11e5-8dc4-40f2e96c8ad8.jpg,city garbage,,,,,
46e3e5ee-6799-11e5-8dc4-40f2e96c8ad8.jpg,city garbage,1,188,183,553,401
47e1b9a8-6799-11e5-8dc4-40f2e96c8ad8.jpg,city garbage,,,,,
495f1dca-6799-11e5-8dc4-40f2e96c8ad8.jpg,city garbage,1,270,306,369,340
4c3d9cb0-6799-11e5-8dc4-40f2e96c8ad8.jpg,city garbage,1,3,24,633,449
4c6794ac-6799-11e5-8dc4-40f2e96c8ad8.jpg,city garbage,,,,,
4c942aee-6799-11e5-8dc4-40f2e96c8ad8.jpg,city garbage,,,,,
894d0654-6799-11e5-8dc4-40f2e96c8ad8.jpg,city garbage,1,167,41,429,327
8c1b5552-6799-11e5-8dc4-40f2e96c8ad8.jpg,city garbage,1,138,216,244,340
8d1faf66-6799-11e5-8dc4-40f2e96c8ad8.jpg,city garbage,1,191,235,413,391
911108a4-6799-11e5-ba3c-40f2e96c8ad8.jpg,delhi garbage,1,71,90,456,252
9282d0c8-6799-11e5-ba3c-40f2e96c8ad8.jpg,delhi garbage,1,125,158,650,400
92cc9866-6799-11e5-ba3c-40f2e96c8ad8.jpg,delhi garbage,,,,,
92ff7cae-6799-11e5-ba3c-40f2e96c8ad8.jpg,delhi garbage,1,360,178,585,351
93a3926c-6799-11e5-ba3c-40f2e96c8ad8.jpg,delhi garbage,,,,,
95a65b44-6799-11e5-ba3c-40f2e96c8ad8.jpg,delhi garbage,1,31,139,660,513
96137d1e-6799-11e5-ba3c-40f2e96c8ad8.jpg,delhi garbage,,,,,
96463dda-6799-11e5-ba3c-40f2e96c8ad8.jpg,delhi garbage,,,,,
967550c0-6799-11e5-ba3c-40f2e96c8ad8.jpg,delhi garbage,1,85,158,601,250
96a096ea-6799-11e5-ba3c-40f2e96c8ad8.jpg,delhi garbage,,,,,
99ba1928-6799-11e5-ba3c-40f2e96c8ad8.jpg,delhi garbage,,,,,
9aca41b2-6799-11e5-ba3c-40f2e96c8ad8.jpg,delhi garbage,1,28,175,472,323
9af7cb5a-6799-11e5-ba3c-40f2e96c8ad8.jpg,delhi garbage,,,,,
9b779100-6799-11e5-ba3c-40f2e96c8ad8.jpg,delhi garbage,,,,,
9c0bb2ea-6799-11e5-ba3c-40f2e96c8ad8.jpg,delhi garbage,,,,,
9c8711ba-6799-11e5-ba3c-40f2e96c8ad8.jpg,delhi garbage,,,,,
9cc9396e-6799-11e5-ba3c-40f2e96c8ad8.jpg,delhi garbage,,,,,
9e362c94-6799-11e5-ba3c-40f2e96c8ad8.jpg,delhi garbage,,,,,
9e7858f8-6799-11e5-ba3c-40f2e96c8ad8.gif,delhi garbage,1,10,86,393,255
a20ad3c4-6799-11e5-ba3c-40f2e96c8ad8.jpg,delhi garbage,,,,,
a477c630-6799-11e5-ba3c-40f2e96c8ad8.jpg,delhi garbage,1,64,83,325,185
a4e60b40-6799-11e5-ba3c-40f2e96c8ad8.jpg,delhi garbage,1,301,116,741,417
a5c35568-6799-11e5-ba3c-40f2e96c8ad8.jpg,delhi garbage,,,,,
a87af798-6799-11e5-ba3c-40f2e96c8ad8.jpg,delhi garbage,1,0,175,759,422
a92f6a34-6799-11e5-ba3c-40f2e96c8ad8.jpg,delhi garbage,,,,,
aa08e41c-6799-11e5-ba3c-40f2e96c8ad8.jpg,delhi garbage,1,105,84,454,330
aace03c8-6799-11e5-ba3c-40f2e96c8ad8.jpg,delhi garbage,1,339,797,4043,2661
b0ce2636-6799-11e5-ba3c-40f2e96c8ad8.jpg,delhi garbage,,,,,
b16a45a2-6799-11e5-ba3c-40f2e96c8ad8.jpg,delhi garbage,,,,,
b2b2e9aa-6799-11e5-ba3c-40f2e96c8ad8.JPG,delhi garbage,,,,,
b5332226-6799-11e5-ba3c-40f2e96c8ad8.jpg,delhi garbage,1,159,100,339,272
b6565998-6799-11e5-ba3c-40f2e96c8ad8.JPG,delhi garbage,1,14,108,620,349
b7b93148-6799-11e5-ba3c-40f2e96c8ad8.jpg,delhi garbage,1,253,185,1048,706
bf5222ac-6799-11e5-ba3c-40f2e96c8ad8.jpg,delhi garbage,,,,,
c1c788c4-6799-11e5-ba3c-40f2e96c8ad8.jpg,delhi garbage,,,,,
c3d74078-6799-11e5-ba3c-40f2e96c8ad8.jpg,delhi garbage,,,,,
c4449db2-6799-11e5-ba3c-40f2e96c8ad8.jpg,delhi garbage,1,168,164,741,360
c4fa80c8-6799-11e5-ba3c-40f2e96c8ad8.jpg,delhi garbage,,,,,
ca8b78da-6799-11e5-ba3c-40f2e96c8ad8.jpg,delhi garbage,1,67,77,568,376
cad82176-6799-11e5-ba3c-40f2e96c8ad8.jpg,delhi garbage,,,,,
cb8a2db2-6799-11e5-ba3c-40f2e96c8ad8.jpg,delhi garbage,,,,,
cd61f520-6799-11e5-ba3c-40f2e96c8ad8.jpg,delhi garbage,0,,,,
ce2ffdee-6799-11e5-ba3c-40f2e96c8ad8.jpg,delhi garbage,1,9,175,629,470
ce604ba2-6799-11e5-ba3c-40f2e96c8ad8.jpg,delhi garbage,1,4,199,633,411
d068698e-6799-11e5-ba3c-40f2e96c8ad8.jpg,delhi garbage,,,,,
d300faf8-6799-11e5-ba3c-40f2e96c8ad8.jpg,delhi garbage,,,,,
d4acc77e-6799-11e5-ba3c-40f2e96c8ad8.jpg,delhi garbage,1,126,1027,2500,2791
d623eff6-6799-11e5-ba3c-40f2e96c8ad8.jpg,delhi garbage,,,,,
d7cf1d08-6799-11e5-ba3c-40f2e96c8ad8.jpg,delhi garbage,,,,,
3656eb04-679e-11e5-990f-40f2e96c8ad8.jpg,footpath garbage,1,563,589,857,701
368e196c-679e-11e5-990f-40f2e96c8ad8.JPG,footpath garbage,1,148,358,944,669
3706a080-679e-11e5-990f-40f2e96c8ad8.jpg,footpath garbage,,,,,
37afc994-679e-11e5-990f-40f2e96c8ad8.jpg,footpath garbage,1,1,155,364,355
393e21b6-679e-11e5-990f-40f2e96c8ad8.jpg,footpath garbage,1,448,666,1757,1002
3ac78f4a-679e-11e5-990f-40f2e96c8ad8.jpg,footpath garbage,1,43,142,581,442
3aff899a-679e-11e5-990f-40f2e96c8ad8.jpg,footpath garbage,0,,,,
3da443ca-679e-11e5-990f-40f2e96c8ad8.jpg,footpath garbage,0,,,,
402e0c2a-679e-11e5-990f-40f2e96c8ad8.jpg,footpath garbage,,,,,
4124c6f0-679e-11e5-990f-40f2e96c8ad8.jpg,footpath garbage,1,253,132,353,171
4301a2d6-679e-11e5-990f-40f2e96c8ad8.jpg,footpath garbage,,,,,
434b6d30-679e-11e5-990f-40f2e96c8ad8.jpg,footpath garbage,1,38,130,358,265
445171ac-679e-11e5-990f-40f2e96c8ad8.jpg,footpath garbage,1,385,90,628,423
45d5242e-679e-11e5-990f-40f2e96c8ad8.jpg,footpath garbage,0,,,,
4692d8f2-679e-11e5-990f-40f2e96c8ad8.jpg,footpath garbage,1,164,155,599,346
48840c80-679e-11e5-990f-40f2e96c8ad8.jpg,footpath garbage,,,,,
4a1d84ae-679e-11e5-990f-40f2e96c8ad8.jpg,footpath garbage,,,,,
4bf69ea0-679e-11e5-990f-40f2e96c8ad8.jpg,footpath garbage,,,,,
4c9fc61a-679e-11e5-990f-40f2e96c8ad8.jpg,footpath garbage,0,,,,
516f40d0-679e-11e5-990f-40f2e96c8ad8.jpg,footpath garbage,,,,,
51c849d2-679e-11e5-990f-40f2e96c8ad8.JPG,footpath garbage,,,,,
538191f2-679e-11e5-990f-40f2e96c8ad8.jpg,footpath garbage,1,292,25,624,389
53cb621e-679e-11e5-990f-40f2e96c8ad8.jpg,footpath garbage,,,,,
540c94c8-679e-11e5-990f-40f2e96c8ad8.jpg,footpath garbage,1,254,194,532,418
54420266-679e-11e5-990f-40f2e96c8ad8.jpg,footpath garbage,,,,,
565e7624-679e-11e5-990f-40f2e96c8ad8.jpg,footpath garbage,0,,,,
56cd1ea8-679e-11e5-990f-40f2e96c8ad8.jpg,footpath garbage,,,,,
56f497c6-679e-11e5-990f-40f2e96c8ad8.jpg,footpath garbage,0,,,,
5757cfee-679e-11e5-990f-40f2e96c8ad8.jpg,footpath garbage,1,352,488,403,545
5d9db828-679e-11e5-990f-40f2e96c8ad8.jpg,footpath garbage,1,22,271,303,334
5fcf59da-679e-11e5-990f-40f2e96c8ad8.jpg,footpath garbage,,,,,
61933e9e-679e-11e5-990f-40f2e96c8ad8.jpg,footpath garbage,,,,,
61cdc690-679e-11e5-990f-40f2e96c8ad8.jpg,footpath garbage,1,11,58,400,239
62e072ee-679e-11e5-990f-40f2e96c8ad8.jpg,footpath garbage,,,,,
6512855c-679e-11e5-990f-40f2e96c8ad8.jpg,footpath garbage,1,15,141,575,280
65509aae-679e-11e5-990f-40f2e96c8ad8.jpg,footpath garbage,,,,,
67a642e0-679e-11e5-990f-40f2e96c8ad8.jpg,footpath garbage,,,,,
68205a9e-679e-11e5-990f-40f2e96c8ad8.jpg,footpath garbage,0,,,,
6863cb4e-679e-11e5-990f-40f2e96c8ad8.jpg,footpath garbage,0,,,,
69b3858e-679e-11e5-990f-40f2e96c8ad8.jpg,footpath garbage,1,46,218,408,307
6a32b7fa-679e-11e5-990f-40f2e96c8ad8.jpg,footpath garbage,,,,,
6caebe84-679e-11e5-990f-40f2e96c8ad8.jpg,footpath garbage,1,76,105,320,240
6ccd4de0-679e-11e5-990f-40f2e96c8ad8.jpg,footpath garbage,,,,,
6d673018-679e-11e5-990f-40f2e96c8ad8.jpg,footpath garbage,1,113,73,396,284
6dd49798-679e-11e5-990f-40f2e96c8ad8.jpg,footpath garbage,,,,,
6e10648a-679e-11e5-990f-40f2e96c8ad8.jpg,footpath garbage,0,,,,
6e79f648-679e-11e5-990f-40f2e96c8ad8.jpg,footpath garbage,1,178,208,565,406
6ee38c52-679e-11e5-990f-40f2e96c8ad8.jpg,footpath garbage,,,,,
70b2552c-679e-11e5-990f-40f2e96c8ad8.jpg,footpath garbage,0,,,,
70ecdc24-679e-11e5-990f-40f2e96c8ad8.JPG,footpath garbage,0,,,,
01589d72-6798-11e5-8c9e-40f2e96c8ad8.jpg,garbage,,,,,
02979e90-6798-11e5-8c9e-40f2e96c8ad8.jpg,garbage,,,,,
0694b03c-6798-11e5-8c9e-40f2e96c8ad8.jpg,garbage,,,,,
095a28ec-6798-11e5-8c9e-40f2e96c8ad8.jpg,garbage,,,,,
0b44d936-6798-11e5-8c9e-40f2e96c8ad8.jpg,garbage,,,,,
0b759b0c-6798-11e5-8c9e-40f2e96c8ad8.jpg,garbage,1,149,68,397,412
0d61b8e2-6798-11e5-8c9e-40f2e96c8ad8.jpg,garbage,1,770,1114,2369,1620
18ba4d4e-6798-11e5-8c9e-40f2e96c8ad8.jpg,garbage,1,68,60,1523,1153
1c68ac06-6798-11e5-8c9e-40f2e96c8ad8.jpg,garbage,,,,,
216b454c-6798-11e5-8c9e-40f2e96c8ad8.JPG,garbage,1,350,354,1280,959
2353aa7a-6798-11e5-8c9e-40f2e96c8ad8.jpg,garbage,1,99,167,627,413
24e2f102-6798-11e5-8c9e-40f2e96c8ad8.jpg,garbage,1,52,55,560,128
25bc70f8-6798-11e5-8c9e-40f2e96c8ad8.jpg,garbage,,,,,
2658e0b4-6798-11e5-8c9e-40f2e96c8ad8.jpg,garbage,1,60,317,1920,1276
2b2d41a2-6798-11e5-8c9e-40f2e96c8ad8.jpg,garbage,,,,,
2c090f8e-6798-11e5-8c9e-40f2e96c8ad8.jpg,garbage,,,,,
2c434712-6798-11e5-8c9e-40f2e96c8ad8.jpg,garbage,1,187,168,530,398
2d77892c-6798-11e5-8c9e-40f2e96c8ad8.jpg,garbage,1,2,2,460,300
3013ed38-6798-11e5-8c9e-40f2e96c8ad8.jpg,garbage,1,12,84,283,218
30b22458-6798-11e5-8c9e-40f2e96c8ad8.jpg,garbage,,,,,
360049a8-6798-11e5-8c9e-40f2e96c8ad8.jpg,garbage,,,,,
371baa3a-6798-11e5-8c9e-40f2e96c8ad8.jpg,garbage,1,854,209,2419,2014
b9543798-6797-11e5-8c9e-40f2e96c8ad8.jpg,garbage,1,15,43,1495,1043
b985ea72-6797-11e5-8c9e-40f2e96c8ad8.jpg,garbage,1,24,13,451,436
b9bb0ce8-6797-11e5-8c9e-40f2e96c8ad8.jpg,garbage,1,80,46,708,388
bbaf6120-6797-11e5-8c9e-40f2e96c8ad8.jpg,garbage,,,,,
bec9d886-6797-11e5-8c9e-40f2e96c8ad8.jpg,garbage,,,,,
bef1d58e-6797-11e5-8c9e-40f2e96c8ad8.jpg,garbage,,,,,
bf9b0514-6797-11e5-8c9e-40f2e96c8ad8.jpg,garbage,,,,,
c17d10b6-6797-11e5-8c9e-40f2e96c8ad8.jpg,garbage,,,,,
c3dc1e4c-6797-11e5-8c9e-40f2e96c8ad8.jpg,garbage,,,,,
c4010b44-6797-11e5-8c9e-40f2e96c8ad8.jpg,garbage,,,,,
c432b1b2-6797-11e5-8c9e-40f2e96c8ad8.jpg,garbage,,,,,
c45b6c24-6797-11e5-8c9e-40f2e96c8ad8.jpg,garbage,,,,,
c65304ce-6797-11e5-8c9e-40f2e96c8ad8.jpg,garbage,1,26,166,987,741
ca905d8e-6797-11e5-8c9e-40f2e96c8ad8.jpg,garbage,1,4,102,444,306
cbb8730e-6797-11e5-8c9e-40f2e96c8ad8.jpg,garbage,,,,,
cbd479be-6797-11e5-8c9e-40f2e96c8ad8.jpg,garbage,,,,,
cc0efe4a-6797-11e5-8c9e-40f2e96c8ad8.jpg,garbage,,,,,
cf64b09e-6797-11e5-8c9e-40f2e96c8ad8.jpg,garbage,1,12,159,636,477
cf93f16a-6797-11e5-8c9e-40f2e96c8ad8.jpg,garbage,1,293,461,2861,2184
e0b9f4ee-6797-11e5-8c9e-40f2e96c8ad8.jpg,garbage,1,51,166,1011,678
e4552bb4-6797-11e5-8c9e-40f2e96c8ad8.jpg,garbage,,,,,
e61db024-6797-11e5-8c9e-40f2e96c8ad8.jpg,garbage,1,50,195,2095,1554
f469624a-6797-11e5-8c9e-40f2e96c8ad8.jpg,garbage,1,250,466,1052,729
f9deda16-6797-11e5-8c9e-40f2e96c8ad8.jpg,garbage,1,7,36,470,335
fbfcf044-6797-11e5-8c9e-40f2e96c8ad8.jpg,garbage,1,19,107,447,347
fd0a8fd2-6797-11e5-8c9e-40f2e96c8ad8.jpg,garbage,1,12,74,588,324
ff34fbda-6797-11e5-8c9e-40f2e96c8ad8.jpg,garbage,,,,,
004633f2-679f-11e5-b0e3-40f2e96c8ad8.jpg,garbage in the forest,1,65,1498,4543,3398
04798348-679f-11e5-b0e3-40f2e96c8ad8.jpg,garbage in the forest,,,,,
08b1a54e-679f-11e5-b0e3-40f2e96c8ad8.jpg,garbage in the forest,0,,,,
092d0216-679f-11e5-b0e3-40f2e96c8ad8.jpg,garbage in the forest,1,131,244,425,432
0bd7f188-679f-11e5-b0e3-40f2e96c8ad8.jpg,garbage in the forest,1,61,14,359,224
0eb3e722-679f-11e5-b0e3-40f2e96c8ad8.jpg,garbage in the forest,1,45,102,593,351
122a3e88-679f-11e5-b0e3-40f2e96c8ad8.jpg,garbage in the forest,1,1,146,450,245
13624fb6-679f-11e5-b0e3-40f2e96c8ad8.jpg,garbage in the forest,,,,,
14aefa68-679f-11e5-b0e3-40f2e96c8ad8.jpg,garbage in the forest,,,,,
1577f0a8-679f-11e5-b0e3-40f2e96c8ad8.jpg,garbage in the forest,,,,,
16a7d6a0-679f-11e5-b0e3-40f2e96c8ad8.jpg,garbage in the forest,,,,,
173e1a02-679f-11e5-b0e3-40f2e96c8ad8.jpg,garbage in the forest,1,253,339,1166,666
1a063d14-679f-11e5-b0e3-40f2e96c8ad8.jpg,garbage in the forest,1,202,102,718,418
1d552868-679f-11e5-b0e3-40f2e96c8ad8.jpg,garbage in the forest,,,,,
2046f038-679f-11e5-b0e3-40f2e96c8ad8.jpg,garbage in the forest,1,105,162,802,452
23598fce-679f-11e5-b0e3-40f2e96c8ad8.jpg,garbage in the forest,,,,,
25cbd6f4-679f-11e5-b0e3-40f2e96c8ad8.jpg,garbage in the forest,1,380,394,1032,684
264d9cb6-679f-11e5-b0e3-40f2e96c8ad8.jpg,garbage in the forest,,,,,
28a0beee-679f-11e5-b0e3-40f2e96c8ad8.jpg,garbage in the forest,1,54,330,423,596
2b29423a-679f-11e5-b0e3-40f2e96c8ad8.jpg,garbage in the forest,0,,,,
2ba72e34-679f-11e5-b0e3-40f2e96c8ad8.JPG,garbage in the forest,1,157,22,536,379
cdfa98b6-679e-11e5-b0e3-40f2e96c8ad8.jpg,garbage in the forest,,,,,
ce74cffa-679e-11e5-b0e3-40f2e96c8ad8.jpg,garbage in the forest,,,,,
d0866434-679e-11e5-b0e3-40f2e96c8ad8.jpg,garbage in the forest,1,60,138,821,1184
d3f5d870-679e-11e5-b0e3-40f2e96c8ad8.jpg,garbage in the forest,1,11,150,441,275
d656fc3e-679e-11e5-b0e3-40f2e96c8ad8.jpg,garbage in the forest,1,102,148,438,305
d867f99c-679e-11e5-b0e3-40f2e96c8ad8.jpg,garbage in the forest,1,121,111,414,329
da93aac2-679e-11e5-b0e3-40f2e96c8ad8.jpg,garbage in the forest,,,,,
dbfa461e-679e-11e5-b0e3-40f2e96c8ad8.jpg,garbage in the forest,1,315,159,400,223
de2721f0-679e-11e5-b0e3-40f2e96c8ad8.jpg,garbage in the forest,,,,,
df71c664-679e-11e5-b0e3-40f2e96c8ad8.jpg,garbage in the forest,,,,,
e02d0d7a-679e-11e5-b0e3-40f2e96c8ad8.jpg,garbage in the forest,,,,,
e0eccbce-679e-11e5-b0e3-40f2e96c8ad8.jpg,garbage in the forest,1,88,4,339,59
e450d2f6-679e-11e5-b0e3-40f2e96c8ad8.jpg,garbage in the forest,1,34,104,363,221
e508b54c-679e-11e5-b0e3-40f2e96c8ad8.jpg,garbage in the forest,1,6,250,1284,846
e635ed54-679e-11e5-b0e3-40f2e96c8ad8.jpg,garbage in the forest,1,41,45,479,356
e9b135ec-679e-11e5-b0e3-40f2e96c8ad8.jpg,garbage in the forest,,,,,
ed78ccda-679e-11e5-b0e3-40f2e96c8ad8.jpg,garbage in the forest,1,35,125,388,224
ee14153c-679e-11e5-b0e3-40f2e96c8ad8.jpg,garbage in the forest,0,,,,
eee87598-679e-11e5-b0e3-40f2e96c8ad8.jpg,garbage in the forest,1,678,436,1296,719
f0092422-679e-11e5-b0e3-40f2e96c8ad8.jpg,garbage in the forest,1,60,138,480,359
f125ff10-679e-11e5-b0e3-40f2e96c8ad8.jpg,garbage in the forest,,,,,
f250d9be-679e-11e5-b0e3-40f2e96c8ad8.jpg,garbage in the forest,,,,,
f2b7e2da-679e-11e5-b0e3-40f2e96c8ad8.jpg,garbage in the forest,1,35,137,446,296
f3368b1c-679e-11e5-b0e3-40f2e96c8ad8.jpg,garbage in the forest,1,3,178,600,303
f41d53c6-679e-11e5-b0e3-40f2e96c8ad8.jpg,garbage in the forest,,,,,
f790009e-679e-11e5-b0e3-40f2e96c8ad8.jpg,garbage in the forest,1,39,315,441,464
6c416976-67a1-11e5-b4c6-40f2e96c8ad8.jpg,india dirty city,1,11,73,252,190
6c669174-67a1-11e5-b4c6-40f2e96c8ad8.jpg,india dirty city,1,477,659,1843,1458
6ec38756-67a1-11e5-b4c6-40f2e96c8ad8.jpg,india dirty city,,,,,
76721990-67a1-11e5-b4c6-40f2e96c8ad8.jpg,india dirty city,,,,,
76ef40fa-67a1-11e5-b4c6-40f2e96c8ad8.jpg,india dirty city,,,,,
77e36ebe-67a1-11e5-b4c6-40f2e96c8ad8.jpg,india dirty city,,,,,
7935b10a-67a1-11e5-b4c6-40f2e96c8ad8.jpg,india dirty city,1,70,64,489,346
795a98f8-67a1-11e5-b4c6-40f2e96c8ad8.jpg,india dirty city,0,,,,
7b4918f6-67a1-11e5-b4c6-40f2e96c8ad8.jpg,india dirty city,,,,,
7ed5e8aa-67a1-11e5-b4c6-40f2e96c8ad8.jpg,india dirty city,1,203,100,2480,1504
822e2be8-67a1-11e5-b4c6-40f2e96c8ad8.jpg,india dirty city,1,149,109,311,300
8470c168-67a1-11e5-b4c6-40f2e96c8ad8.jpg,india dirty city,1,13,44,188,267
848c8678-67a1-11e5-b4c6-40f2e96c8ad8.jpg,india dirty city,0,,,,
8519e52c-67a1-11e5-b4c6-40f2e96c8ad8.jpg,india dirty city,1,23,222,488,375
87908a72-67a1-11e5-b4c6-40f2e96c8ad8.jpg,india dirty city,0,,,,
8898e540-67a1-11e5-b4c6-40f2e96c8ad8.jpg,india dirty city,1,162,381,689,449
8f6b478c-67a1-11e5-b4c6-40f2e96c8ad8.jpg,india dirty city,,,,,
8fb2305c-67a1-11e5-b4c6-40f2e96c8ad8.JPG,india dirty city,,,,,
963a5350-67a1-11e5-b4c6-40f2e96c8ad8.jpg,india dirty city,0,,,,
98ccbf72-67a1-11e5-b4c6-40f2e96c8ad8.jpg,india dirty city,0,,,,
98fa9064-67a1-11e5-b4c6-40f2e96c8ad8.jpg,india dirty city,,,,,
9aa61f1e-67a1-11e5-b4c6-40f2e96c8ad8.jpg,india dirty city,1,107,360,726,464
9bbf2fa8-67a1-11e5-b4c6-40f2e96c8ad8.jpg,india dirty city,,,,,
9caf5a46-67a1-11e5-b4c6-40f2e96c8ad8.jpg,india dirty city,1,2,175,613,397
9e21687e-67a1-11e5-b4c6-40f2e96c8ad8.jpg,india dirty city,,,,,
a0101108-67a1-11e5-b4c6-40f2e96c8ad8.jpg,india dirty city,0,,,,
a6723058-67a1-11e5-b4c6-40f2e96c8ad8.jpg,india dirty city,1,25,148,343,282
a703d238-67a1-11e5-b4c6-40f2e96c8ad8.jpg,india dirty city,1,25,244,568,321
aa738b2a-67a1-11e5-b4c6-40f2e96c8ad8.jpg,india dirty city,1,8,126,591,420
ac306fb4-67a1-11e5-b4c6-40f2e96c8ad8.jpg,india dirty city,,,,,
aee55742-67a1-11e5-b4c6-40f2e96c8ad8.jpg,india dirty city,,,,,
b2672666-67a1-11e5-b4c6-40f2e96c8ad8.JPG,india dirty city,,,,,
b2debf3c-67a1-11e5-b4c6-40f2e96c8ad8.jpg,india dirty city,,,,,
b9a8d744-67a1-11e5-b4c6-40f2e96c8ad8.jpg,india dirty city,0,,,,
bc0667ea-67a1-11e5-b4c6-40f2e96c8ad8.jpg,india dirty city,1,52,574,816,1297
bc8f2e18-67a1-11e5-b4c6-40f2e96c8ad8.jpeg,india dirty city,1,43,196,367,267
bda9ce5c-67a1-11e5-b4c6-40f2e96c8ad8.jpg,india dirty city,0,,,,
c0372cb4-67a1-11e5-b4c6-40f2e96c8ad8.jpg,india dirty city,,,,,
c41226ae-67a1-11e5-b4c6-40f2e96c8ad8.jpg,india dirty city,,,,,
c59db31c-67a1-11e5-b4c6-40f2e96c8ad8.jpg,india dirty city,1,56,345,225,534
c6c4d7fc-67a1-11e5-b4c6-40f2e96c8ad8.jpg,india dirty city,0,,,,
c7bf40c0-67a1-11e5-b4c6-40f2e96c8ad8.jpg,india dirty city,0,,,,
cede6f16-67a1-11e5-b4c6-40f2e96c8ad8.jpg,india dirty city,1,215,141,467,304
cf07558e-67a1-11e5-b4c6-40f2e96c8ad8.jpg,india dirty city,0,,,,
d5058bb8-67a1-11e5-b4c6-40f2e96c8ad8.jpg,india dirty city,1,155,73,798,483
6157865e-67a0-11e5-a3d2-40f2e96c8ad8.jpg,india dirty streets,,,,,
6175e0b8-67a0-11e5-a3d2-40f2e96c8ad8.jpg,india dirty streets,1,82,538,265,683
61aa0b40-67a0-11e5-a3d2-40f2e96c8ad8.JPG,india dirty streets,,,,,
660181a0-67a0-11e5-a3d2-40f2e96c8ad8.jpg,india dirty streets,,,,,
66e9da86-67a0-11e5-a3d2-40f2e96c8ad8.jpg,india dirty streets,,,,,
67874d34-67a0-11e5-a3d2-40f2e96c8ad8.jpg,india dirty streets,1,207,158,396,271
6a111620-67a0-11e5-a3d2-40f2e96c8ad8.jpg,india dirty streets,1,103,166,413,287
6ca17a60-67a0-11e5-a3d2-40f2e96c8ad8.jpg,india dirty streets,,,,,
6d786430-67a0-11e5-a3d2-40f2e96c8ad8.jpg,india dirty streets,1,22,220,498,334
6e93fcee-67a0-11e5-a3d2-40f2e96c8ad8.jpg,india dirty streets,1,52,234,552,382
6efb0812-67a0-11e5-a3d2-40f2e96c8ad8.jpg,india dirty streets,,,,,
709f8828-67a0-11e5-a3d2-40f2e96c8ad8.gif,india dirty streets,,,,,
70f8971a-67a0-11e5-a3d2-40f2e96c8ad8.jpg,india dirty streets,,,,,
712e0d14-67a0-11e5-a3d2-40f2e96c8ad8.jpg,india dirty streets,1,183,171,523,313
71557cfa-67a0-11e5-a3d2-40f2e96c8ad8.jpg,india dirty streets,,,,,
7257b712-67a0-11e5-a3d2-40f2e96c8ad8.jpg,india dirty streets,1,64,255,541,366
74d23fbc-67a0-11e5-a3d2-40f2e96c8ad8.jpg,india dirty streets,,,,,
762216ee-67a0-11e5-a3d2-40f2e96c8ad8.JPG,india dirty streets,,,,,
789794f8-67a0-11e5-a3d2-40f2e96c8ad8.jpg,india dirty streets,0,,,,
7bbf1296-67a0-11e5-a3d2-40f2e96c8ad8.JPG,india dirty streets,1,313,351,950,859
7bf5c656-67a0-11e5-a3d2-40f2e96c8ad8.jpg,india dirty streets,,,,,
7c45ecda-67a0-11e5-a3d2-40f2e96c8ad8.jpg,india dirty streets,,,,,
7e31ff98-67a0-11e5-a3d2-40f2e96c8ad8.jpg,india dirty streets,1,18,314,97,405
8151d87e-67a0-11e5-a3d2-40f2e96c8ad8.jpg,india dirty streets,,,,,
844908cc-67a0-11e5-a3d2-40f2e96c8ad8.jpg,india dirty streets,0,,,,
87098244-67a0-11e5-a3d2-40f2e96c8ad8.jpg,india dirty streets,,,,,
87cfa26c-67a0-11e5-a3d2-40f2e96c8ad8.jpg,india dirty streets,1,46,184,736,370
89f12962-67a0-11e5-a3d2-40f2e96c8ad8.JPG,india dirty streets,,,,,
8a3af38a-67a0-11e5-a3d2-40f2e96c8ad8.JPG,india dirty streets,1,253,880,1460,1200
8ac46656-67a0-11e5-a3d2-40f2e96c8ad8.jpg,india dirty streets,0,,,,
8fb9b5d0-67a0-11e5-a3d2-40f2e96c8ad8.jpg,india dirty streets,0,,,,
901deb04-67a0-11e5-a3d2-40f2e96c8ad8.jpg,india dirty streets,,,,,
906a4bfc-67a0-11e5-a3d2-40f2e96c8ad8.JPG,india dirty streets,1,48,26,490,370
9aa897d6-67a0-11e5-a3d2-40f2e96c8ad8.jpg,india dirty streets,,,,,
9ad8a048-67a0-11e5-a3d2-40f2e96c8ad8.jpg,india dirty streets,0,,,,
9d336ad0-67a0-11e5-a3d2-40f2e96c8ad8.jpg,india dirty streets,1,145,114,546,468
9f366cd8-67a0-11e5-a3d2-40f2e96c8ad8.JPG,india dirty streets,,,,,
a004765a-67a0-11e5-a3d2-40f2e96c8ad8.jpg,india dirty streets,,,,,
a12b7e84-67a0-11e5-a3d2-40f2e96c8ad8.png,india dirty streets,0,,,,
a4a550bc-67a0-11e5-a3d2-40f2e96c8ad8.jpg,india dirty streets,,,,,
a5c88702-67a0-11e5-a3d2-40f2e96c8ad8.jpg,india dirty streets,,,,,
a71c1baa-67a0-11e5-a3d2-40f2e96c8ad8.jpg,india dirty streets,,,,,
a91c9682-67a0-11e5-a3d2-40f2e96c8ad8.jpg,india dirty streets,,,,,
aa9b5c1e-67a0-11e5-a3d2-40f2e96c8ad8.jpg,india dirty streets,,,,,
ac4801f2-67a0-11e5-a3d2-40f2e96c8ad8.jpg,india dirty streets,0,,,,
aebebae8-67a0-11e5-a3d2-40f2e96c8ad8.jpg,india dirty streets,1,265,530,1045,858
b06a0168-67a0-11e5-a3d2-40f2e96c8ad8.jpg,india dirty streets,1,70,658,1849,1297
2cabf508-679f-11e5-893c-40f2e96c8ad8.jpg,kitchen waste,,,,,
31c4b05c-679f-11e5-893c-40f2e96c8ad8.jpg,kitchen waste,,,,,
35b6590e-679f-11e5-893c-40f2e96c8ad8.jpg,kitchen waste,1,76,114,420,259
379473b4-679f-11e5-893c-40f2e96c8ad8.jpg,kitchen waste,0,,,,
3b6c5ef2-679f-11e5-893c-40f2e96c8ad8.jpg,kitchen waste,0,,,,
3e6060ea-679f-11e5-893c-40f2e96c8ad8.jpg,kitchen waste,1,7,9,417,266
455f10d0-679f-11e5-893c-40f2e96c8ad8.jpg,kitchen waste,0,,,,
4686679c-679f-11e5-893c-40f2e96c8ad8.jpg,kitchen waste,0,,,,
49f286e0-679f-11e5-893c-40f2e96c8ad8.jpg,kitchen waste,,,,,
4a7a7be0-679f-11e5-893c-40f2e96c8ad8.jpg,kitchen waste,,,,,
4af861cc-679f-11e5-893c-40f2e96c8ad8.png,kitchen waste,,,,,
4caca050-679f-11e5-893c-40f2e96c8ad8.jpg,kitchen waste,0,,,,
4ffe0f82-679f-11e5-893c-40f2e96c8ad8.jpg,kitchen waste,0,,,,
"50c1ed26-679f-11e5-893c-40f2e96c8ad8.jpg%3Fis%3D1600,1600,0xffffff",kitchen waste,,,,,
53204374-679f-11e5-893c-40f2e96c8ad8.jpg,kitchen waste,,,,,
53ee47d8-679f-11e5-893c-40f2e96c8ad8.jpg,kitchen waste,1,315,192,1024,768
56fc5492-679f-11e5-893c-40f2e96c8ad8.jpg,kitchen waste,,,,,
590ad862-679f-11e5-893c-40f2e96c8ad8.jpg,kitchen waste,,,,,
59957c38-679f-11e5-893c-40f2e96c8ad8.jpg,kitchen waste,0,,,,
5a509536-679f-11e5-893c-40f2e96c8ad8.jpg,kitchen waste,0,,,,
5b4eed16-679f-11e5-893c-40f2e96c8ad8.jpg,kitchen waste,0,,,,
84839baa-679f-11e5-893c-40f2e96c8ad8.jpg,kitchen waste,0,,,,
858338a8-679f-11e5-893c-40f2e96c8ad8.jpg,kitchen waste,,,,,
86841b8c-679f-11e5-893c-40f2e96c8ad8.jpg,kitchen waste,,,,,
88d7d748-679f-11e5-893c-40f2e96c8ad8.jpg,kitchen waste,0,,,,
8c1bcf22-679f-11e5-893c-40f2e96c8ad8.jpg,kitchen waste,,,,,
92cf32a0-679f-11e5-893c-40f2e96c8ad8.jpg,kitchen waste,0,,,,
941da588-679f-11e5-893c-40f2e96c8ad8.jpg,kitchen waste,,,,,
949cd556-679f-11e5-893c-40f2e96c8ad8.jpg,kitchen waste,,,,,
973578b8-679f-11e5-893c-40f2e96c8ad8.jpg,kitchen waste,1,91,33,336,183
9854ddc4-679f-11e5-893c-40f2e96c8ad8.jpg,kitchen waste,0,,,,
9bf2adf8-679f-11e5-893c-40f2e96c8ad8.jpg,kitchen waste,,,,,
9ff4e434-679f-11e5-893c-40f2e96c8ad8.jpg,kitchen waste,,,,,
a304237e-679f-11e5-893c-40f2e96c8ad8.jpg,kitchen waste,0,,,,
a3b3c3e2-679f-11e5-893c-40f2e96c8ad8.jpg,kitchen waste,0,,,,
a44c2600-679f-11e5-893c-40f2e96c8ad8.jpg,kitchen waste,0,,,,
a5bcedd0-679f-11e5-893c-40f2e96c8ad8.jpg,kitchen waste,0,,,,
abadfb26-679f-11e5-893c-40f2e96c8ad8.jpg,kitchen waste,0,,,,
ad753bfe-679f-11e5-893c-40f2e96c8ad8.JPEG,kitchen waste,0,,,,
afdf488a-679f-11e5-893c-40f2e96c8ad8.jpg,kitchen waste,,,,,
b1ac9f64-679f-11e5-893c-40f2e96c8ad8.JPG,kitchen waste,,,,,
b30d4d04-679f-11e5-893c-40f2e96c8ad8.jpg,kitchen waste,,,,,
b3c59c9c-679f-11e5-893c-40f2e96c8ad8.jpg,kitchen waste,0,,,,
b5f14dea-679f-11e5-893c-40f2e96c8ad8.jpg,kitchen waste,,,,,
b6f0d6c0-679f-11e5-893c-40f2e96c8ad8.jpg,kitchen waste,0,,,,
ba16ed1c-679f-11e5-893c-40f2e96c8ad8.jpg,kitchen waste,0,,,,
bc2e70b6-679f-11e5-893c-40f2e96c8ad8.jpg,kitchen waste,0,,,,
bd5fa536-679f-11e5-893c-40f2e96c8ad8.jpg,kitchen waste,0,,,,
45899da8-679c-11e5-aa4a-40f2e96c8ad8.png,litter,1,11,45,577,393
55545fa2-679c-11e5-aa4a-40f2e96c8ad8.jpg,litter,,,,,
5a0b5618-679c-11e5-aa4a-40f2e96c8ad8.jpg,litter,,,,,
60108448-679c-11e5-aa4a-40f2e96c8ad8.jpg,litter,1,88,362,1258,960
60763e3c-679c-11e5-aa4a-40f2e96c8ad8.jpg,litter,1,18,217,878,650
61e402cc-679c-11e5-aa4a-40f2e96c8ad8.jpg,litter,,,,,
65516d32-679c-11e5-aa4a-40f2e96c8ad8.jpg,litter,,,,,
6a336f44-679c-11e5-aa4a-40f2e96c8ad8.jpg,litter,1,590,379,1215,725
6a97ec44-679c-11e5-aa4a-40f2e96c8ad8.jpg,litter,1,515,157,2213,1712
76c5d102-679c-11e5-aa4a-40f2e96c8ad8.jpg,litter,1,675,1037,1200,1600
7d476aea-679c-11e5-aa4a-40f2e96c8ad8.jpg,litter,0,,,,
80a8d4b2-679c-11e5-aa4a-40f2e96c8ad8.jpg,litter,,,,,
82b604f0-679c-11e5-aa4a-40f2e96c8ad8.jpg,litter,,,,,
84324a46-679c-11e5-aa4a-40f2e96c8ad8.jpg,litter,1,82,380,1196,912
879071a4-679c-11e5-aa4a-40f2e96c8ad8.JPG,litter,,,,,
8b3db604-679c-11e5-aa4a-40f2e96c8ad8.jpg,litter,0,,,,
8d3dcd36-679c-11e5-aa4a-40f2e96c8ad8.JPG,litter,1,73,567,3830,2587
91406178-679c-11e5-aa4a-40f2e96c8ad8.jpg,litter,1,56,239,342,390
93117578-679c-11e5-aa4a-40f2e96c8ad8.jpg,litter,1,161,66,462,364
9577d942-679c-11e5-aa4a-40f2e96c8ad8.jpg,litter,1,21,101,286,284
9887ade2-679c-11e5-aa4a-40f2e96c8ad8.jpg,litter,,,,,
a2a5fa22-679c-11e5-aa4a-40f2e96c8ad8.jpg,litter,,,,,
a39b185e-679c-11e5-aa4a-40f2e96c8ad8.jpg,litter,1,98,89,353,500
a522fa7a-679c-11e5-aa4a-40f2e96c8ad8.jpg,litter,1,84,154,181,313
a5daafd0-679c-11e5-aa4a-40f2e96c8ad8.png,litter,,,,,
a86ea5bc-679c-11e5-aa4a-40f2e96c8ad8.jpg,litter,,,,,
a989026c-679c-11e5-aa4a-40f2e96c8ad8.gif,litter,1,77,198,292,336
aacf458c-679c-11e5-aa4a-40f2e96c8ad8.jpg,litter,,,,,
adf74f20-679c-11e5-aa4a-40f2e96c8ad8.jpg,litter,,,,,
b366a456-679c-11e5-aa4a-40f2e96c8ad8.jpg,litter,1,40,47,625,460
bb53cebe-679c-11e5-aa4a-40f2e96c8ad8.jpg,litter,1,9,32,441,218
bf37d566-679c-11e5-aa4a-40f2e96c8ad8.gif,litter,1,16,136,488,351
bf694e3e-679c-11e5-aa4a-40f2e96c8ad8.jpg,litter,,,,,
c53b02ee-679c-11e5-aa4a-40f2e96c8ad8.jpg,litter,1,68,4,398,276
c5d5f542-679c-11e5-aa4a-40f2e96c8ad8.jpg,litter,1,42,163,649,525
d02921cc-679c-11e5-aa4a-40f2e96c8ad8.jpg,litter,1,94,111,368,220
d198277e-679c-11e5-aa4a-40f2e96c8ad8.jpg,litter,,,,,
d4318cd2-679c-11e5-aa4a-40f2e96c8ad8.jpg,litter,1,1550,125,2871,896
e341e51e-679c-11e5-aa4a-40f2e96c8ad8.jpg,litter,,,,,
e442bfce-679c-11e5-aa4a-40f2e96c8ad8.jpg,litter,1,59,104,454,252
e4eaa158-679c-11e5-aa4a-40f2e96c8ad8.jpg,litter,,,,,
e911df08-679c-11e5-aa4a-40f2e96c8ad8.jpg,litter,,,,,
ec63509c-679c-11e5-aa4a-40f2e96c8ad8.jpg,litter,,,,,
edd8dd2a-679c-11e5-aa4a-40f2e96c8ad8.JPG,litter,1,5,5,631,475
ef9c9fe8-679c-11e5-aa4a-40f2e96c8ad8.jpg,litter,1,3,5,398,320
f0494004-679c-11e5-aa4a-40f2e96c8ad8.jpg,litter,,,,,
f4eaa9ea-679c-11e5-aa4a-40f2e96c8ad8.jpg,litter,1,57,79,765,513
0a64e838-679a-11e5-80ca-40f2e96c8ad8.jpg,market waste,,,,,
0d1d1442-679a-11e5-80ca-40f2e96c8ad8.jpg,market waste,0,,,,
0dfb0572-679a-11e5-80ca-40f2e96c8ad8.jpg,market waste,1,5,7,459,316
0f33da68-679a-11e5-80ca-40f2e96c8ad8.jpg,market waste,,,,,
1f7fb1bc-679a-11e5-80ca-40f2e96c8ad8.jpg,market waste,,,,,
1fd26222-679a-11e5-80ca-40f2e96c8ad8.gif,market waste,,,,,
20809fa4-679a-11e5-80ca-40f2e96c8ad8.jpeg,market waste,0,,,,
2402eb3c-679a-11e5-80ca-40f2e96c8ad8.jpg,market waste,,,,,
279f70b2-679a-11e5-80ca-40f2e96c8ad8.png,market waste,0,,,,
29794a2a-679a-11e5-80ca-40f2e96c8ad8.jpg,market waste,,,,,
2f4b61f4-679a-11e5-80ca-40f2e96c8ad8.jpg,market waste,0,,,,
3baa3a4c-679a-11e5-80ca-40f2e96c8ad8.jpg,market waste,,,,,
3d9fe234-679a-11e5-80ca-40f2e96c8ad8.jpg,market waste,0,,,,
3e223cc0-679a-11e5-80ca-40f2e96c8ad8.jpg,market waste,,,,,
3ecc1330-679a-11e5-80ca-40f2e96c8ad8.jpg,market waste,1,6,6,461,277
3ff976da-679a-11e5-80ca-40f2e96c8ad8.jpg,market waste,0,,,,
40d435b8-679a-11e5-80ca-40f2e96c8ad8.JPG,market waste,0,,,,
43c51080-679a-11e5-80ca-40f2e96c8ad8.jpg,market waste,,,,,
501cf230-679a-11e5-80ca-40f2e96c8ad8.jpg,market waste,0,,,,
55844cdc-679a-11e5-80ca-40f2e96c8ad8.jpg,market waste,,,,,
585222b8-679a-11e5-80ca-40f2e96c8ad8.jpg,market waste,0,,,,
5dcf9edc-679a-11e5-80ca-40f2e96c8ad8.jpg,market waste,0,,,,
5fb11a6e-679a-11e5-80ca-40f2e96c8ad8.jpg,market waste,,,,,
636e5194-679a-11e5-80ca-40f2e96c8ad8.jpg,market waste,0,,,,
64d7c93e-679a-11e5-80ca-40f2e96c8ad8.jpg,market waste,0,,,,
6e05ad00-679a-11e5-80ca-40f2e96c8ad8.jpg,market waste,,,,,
6fab35b2-679a-11e5-80ca-40f2e96c8ad8.jpg,market waste,0,,,,
718442de-679a-11e5-80ca-40f2e96c8ad8.jpg,market waste,0,,,,
764f77f2-679a-11e5-80ca-40f2e96c8ad8.jpg,market waste,1,6,480,611,792
7757db94-679a-11e5-80ca-40f2e96c8ad8.jpg,market waste,1,30,140,238,214
78baa778-679a-11e5-80ca-40f2e96c8ad8.jpg,market waste,1,79,45,481,272
7aa9dbda-679a-11e5-80ca-40f2e96c8ad8.jpg,market waste,1,91,81,285,212
7ad0c6fa-679a-11e5-80ca-40f2e96c8ad8.jpg,market waste,,,,,
7f2b4626-679a-11e5-80ca-40f2e96c8ad8.jpg,market waste,,,,,
82e6c024-679a-11e5-80ca-40f2e96c8ad8.jpg,market waste,0,,,,
d8fa3d0c-6799-11e5-80ca-40f2e96c8ad8.jpg,market waste,1,0,108,450,335
da3c3ad0-6799-11e5-80ca-40f2e96c8ad8.jpg,market waste,1,70,74,585,396
dc82a4b4-6799-11e5-80ca-40f2e96c8ad8.jpg,market waste,,,,,
df8a33c0-6799-11e5-80ca-40f2e96c8ad8.php,market waste,,,,,
e08aa49e-6799-11e5-80ca-40f2e96c8ad8.jpg,market waste,1,694,816,1913,1931
e584c5a6-6799-11e5-80ca-40f2e96c8ad8.jpg,market waste,,,,,
e67b0718-6799-11e5-80ca-40f2e96c8ad8.jpg,market waste,0,,,,
e9220fd4-6799-11e5-80ca-40f2e96c8ad8.jpg,market waste,,,,,
eac25830-6799-11e5-80ca-40f2e96c8ad8.jpg,market waste,1,94,367,2449,1034
052f032a-679b-11e5-9696-40f2e96c8ad8.jpg,medical waste,,,,,
09374a40-679b-11e5-9696-40f2e96c8ad8.jpg,medical waste,,,,,
0c26d1a8-679b-11e5-9696-40f2e96c8ad8.jpg,medical waste,,,,,
12311590-679b-11e5-9696-40f2e96c8ad8.jpg,medical waste,,,,,
86645da6-679a-11e5-9696-40f2e96c8ad8.jpg,medical waste,,,,,
87fb8ebe-679a-11e5-9696-40f2e96c8ad8.gif,medical waste,1,171,39,1465,1019
8b8313ea-679a-11e5-9696-40f2e96c8ad8.jpg,medical waste,,,,,
8bce1fca-679a-11e5-9696-40f2e96c8ad8.jpg,medical waste,1,40,20,315,297
8f6fb3e6-679a-11e5-9696-40f2e96c8ad8.jpg,medical waste,1,67,80,1971,1462
91602af0-679a-11e5-9696-40f2e96c8ad8.jpg,medical waste,1,32,71,854,581
94e6358e-679a-11e5-9696-40f2e96c8ad8.jpg,medical waste,,,,,
980b5fd2-679a-11e5-9696-40f2e96c8ad8.jpg,medical waste,1,199,65,512,234
996e056e-679a-11e5-9696-40f2e96c8ad8.jpg,medical waste,0,,,,
9b312eee-679a-11e5-9696-40f2e96c8ad8.jpg,medical waste,1,388,417,1276,976
9d4793b2-679a-11e5-9696-40f2e96c8ad8.jpg,medical waste,,,,,
9e1824be-679a-11e5-9696-40f2e96c8ad8.jpeg,medical waste,1,24,69,299,159
9ec520e2-679a-11e5-9696-40f2e96c8ad8.jpg,medical waste,0,,,,
a1f2f636-679a-11e5-9696-40f2e96c8ad8.jpg,medical waste,,,,,
a48bf154-679a-11e5-9696-40f2e96c8ad8.jpg,medical waste,,,,,
a7f6caa8-679a-11e5-9696-40f2e96c8ad8.jpg,medical waste,1,72,120,588,346
ab9b165a-679a-11e5-9696-40f2e96c8ad8.gif,medical waste,,,,,
b24563b6-679a-11e5-9696-40f2e96c8ad8.jpg,medical waste,1,256,211,524,421
b2b2799c-679a-11e5-9696-40f2e96c8ad8.jpg,medical waste,,,,,
b3f27582-679a-11e5-9696-40f2e96c8ad8.jpg,medical waste,,,,,
b68d4646-679a-11e5-9696-40f2e96c8ad8.jpg,medical waste,,,,,
b76bd582-679a-11e5-9696-40f2e96c8ad8.jpg,medical waste,,,,,
bb838188-679a-11e5-9696-40f2e96c8ad8.jpg,medical waste,1,113,100,562,454
c00e0dcc-679a-11e5-9696-40f2e96c8ad8.jpg,medical waste,,,,,
c398e00c-679a-11e5-9696-40f2e96c8ad8.jpg,medical waste,,,,,
c6b67f74-679a-11e5-9696-40f2e96c8ad8.jpg,medical waste,1,94,2,221,166
c9fc127a-679a-11e5-9696-40f2e96c8ad8.jpg,medical waste,,,,,
cfed9f50-679a-11e5-9696-40f2e96c8ad8.jpg,medical waste,,,,,
d0dcd476-679a-11e5-9696-40f2e96c8ad8.jpg,medical waste,,,,,
d2728178-679a-11e5-9696-40f2e96c8ad8.jpg,medical waste,0,,,,
d3795f60-679a-11e5-9696-40f2e96c8ad8.jpg,medical waste,,,,,
d6ed9652-679a-11e5-9696-40f2e96c8ad8.png,medical waste,,,,,
d90a077c-679a-11e5-9696-40f2e96c8ad8.jpg,medical waste,,,,,
e05847b4-679a-11e5-9696-40f2e96c8ad8.png,medical waste,0,,,,
e1782006-679a-11e5-9696-40f2e96c8ad8.jpg,medical waste,,,,,
e2d9a7ee-679a-11e5-9696-40f2e96c8ad8.jpg,medical waste,0,,,,
e5927d6c-679a-11e5-9696-40f2e96c8ad8.jpg,medical waste,,,,,
e80570cc-679a-11e5-9696-40f2e96c8ad8.jpg,medical waste,,,,,
e9414010-679a-11e5-9696-40f2e96c8ad8.jpg,medical waste,0,,,,
ec9608d6-679a-11e5-9696-40f2e96c8ad8.png,medical waste,0,,,,
f24da630-679a-11e5-9696-40f2e96c8ad8.jpg,medical waste,,,,,
f649a522-679a-11e5-9696-40f2e96c8ad8.jpg,medical waste,,,,,
f91b9ba2-679a-11e5-9696-40f2e96c8ad8.jpg,medical waste,,,,,
0d1e4d2c-679e-11e5-8121-40f2e96c8ad8.jpg,park litter,1,19,21,196,140
0e3db8e6-679e-11e5-8121-40f2e96c8ad8.jpg,park litter,,,,,
0edf3d1a-679e-11e5-8121-40f2e96c8ad8.jpg,park litter,0,,,,
10bab5d8-679e-11e5-8121-40f2e96c8ad8.jpg,park litter,1,56,387,1433,1022
1126d22c-679e-11e5-8121-40f2e96c8ad8.jpg,park litter,,,,,
14e62944-679e-11e5-8121-40f2e96c8ad8.jpg,park litter,1,159,439,428,595
15320f44-679e-11e5-8121-40f2e96c8ad8.jpg,park litter,,,,,
18438c62-679e-11e5-8121-40f2e96c8ad8.jpg,park litter,,,,,
1a669624-679e-11e5-8121-40f2e96c8ad8.jpg,park litter,,,,,
1abf643e-679e-11e5-8121-40f2e96c8ad8.jpg,park litter,,,,,
1b370368-679e-11e5-8121-40f2e96c8ad8.jpg,park litter,,,,,
1c449928-679e-11e5-8121-40f2e96c8ad8.jpg,park litter,0,,,,
1cbeb5fa-679e-11e5-8121-40f2e96c8ad8.jpg,park litter,1,195,181,729,519
2147c652-679e-11e5-8121-40f2e96c8ad8.jpg,park litter,1,99,104,265,194
21a5e8a4-679e-11e5-8121-40f2e96c8ad8.jpg,park litter,,,,,
2225198a-679e-11e5-8121-40f2e96c8ad8.jpg,park litter,0,,,,
2368445c-679e-11e5-8121-40f2e96c8ad8.jpg,park litter,1,101,90,576,447
25d10ec2-679e-11e5-8121-40f2e96c8ad8.jpg,park litter,,,,,
297e09e4-679e-11e5-8121-40f2e96c8ad8.jpg,park litter,,,,,
2b6f3e9e-679e-11e5-8121-40f2e96c8ad8.jpg,park litter,,,,,
2bed3862-679e-11e5-8121-40f2e96c8ad8.jpg,park litter,0,,,,
2c412f12-679e-11e5-8121-40f2e96c8ad8.jpg,park litter,,,,,
2c703fc8-679e-11e5-8121-40f2e96c8ad8.jpg,park litter,,,,,
2e7d7b6e-679e-11e5-8121-40f2e96c8ad8.jpg,park litter,,,,,
2ec889ce-679e-11e5-8121-40f2e96c8ad8.jpg,park litter,1,0,3,640,435
2f0d3dda-679e-11e5-8121-40f2e96c8ad8.jpg,park litter,0,,,,
2f7ea61e-679e-11e5-8121-40f2e96c8ad8.jpg,park litter,1,666,267,1220,967
2ff27346-679e-11e5-8121-40f2e96c8ad8.jpg,park litter,1,107,320,960,720
307660b6-679e-11e5-8121-40f2e96c8ad8.jpg,park litter,1,533,141,1337,1029
30f0acb8-679e-11e5-8121-40f2e96c8ad8.jpg,park litter,,,,,
3463035a-679e-11e5-8121-40f2e96c8ad8.jpg,park litter,0,,,,
34d97bfc-679e-11e5-8121-40f2e96c8ad8.jpg,park litter,1,432,93,997,1001
35604f88-679e-11e5-8121-40f2e96c8ad8.jpg,park litter,,,,,
d5438138-679d-11e5-8121-40f2e96c8ad8.jpg,park litter,1,48,110,488,285
d7ae0920-679d-11e5-8121-40f2e96c8ad8.jpg,park litter,1,23,184,458,434
d8783704-679d-11e5-8121-40f2e96c8ad8.jpg,park litter,1,395,305,458,361
dbfdc8b2-679d-11e5-8121-40f2e96c8ad8.jpg,park litter,1,19,205,618,416
e43011ac-679d-11e5-8121-40f2e96c8ad8.jpg,park litter,0,,,,
e4d9aab4-679d-11e5-8121-40f2e96c8ad8.jpg,park litter,,,,,
e5e5fe94-679d-11e5-8121-40f2e96c8ad8.jpg,park litter,1,436,76,1271,960
e73c30b0-679d-11e5-8121-40f2e96c8ad8.jpg,park litter,,,,,
ec9e75b8-679d-11e5-8121-40f2e96c8ad8.jpg,park litter,,,,,
ed080708-679d-11e5-8121-40f2e96c8ad8.jpg,park litter,1,23,130,486,387
ee6d65b6-679d-11e5-8121-40f2e96c8ad8.jpg,park litter,,,,,
f071a9c6-679d-11e5-8121-40f2e96c8ad8.jpg,park litter,1,128,148,419,298
f0c97200-679d-11e5-8121-40f2e96c8ad8.jpg,park litter,0,,,,
00fca90e-67a2-11e5-b0b2-40f2e96c8ad8.jpg,railway garbag,0,,,,
02517852-67a2-11e5-b0b2-40f2e96c8ad8.jpg,railway garbag,,,,,
05fbc714-67a2-11e5-b0b2-40f2e96c8ad8.jpg,railway garbag,0,,,,
06eadc00-67a2-11e5-b0b2-40f2e96c8ad8.jpg,railway garbag,0,,,,
0ed7b618-67a2-11e5-b0b2-40f2e96c8ad8.jpg,railway garbag,,,,,
115f934c-67a2-11e5-b0b2-40f2e96c8ad8.JPG,railway garbag,0,,,,
11d9b078-67a2-11e5-b0b2-40f2e96c8ad8.jpg,railway garbag,0,,,,
1493c984-67a2-11e5-b0b2-40f2e96c8ad8.jpg,railway garbag,,,,,
17d5d542-67a2-11e5-b0b2-40f2e96c8ad8.jpg,railway garbag,,,,,
18316f92-67a2-11e5-b0b2-40f2e96c8ad8.jpg,railway garbag,1,3,101,280,156
1c0ebbd8-67a2-11e5-b0b2-40f2e96c8ad8.jpg,railway garbag,,,,,
1e250fe4-67a2-11e5-b0b2-40f2e96c8ad8.jpg,railway garbag,0,,,,
2097f750-67a2-11e5-b0b2-40f2e96c8ad8.jpg,railway garbag,0,,,,
21de5172-67a2-11e5-b0b2-40f2e96c8ad8.JPG,railway garbag,0,,,,
2260652c-67a2-11e5-b0b2-40f2e96c8ad8.jpg,railway garbag,0,,,,
2371e616-67a2-11e5-b0b2-40f2e96c8ad8.jpg,railway garbag,,,,,
25a66358-67a2-11e5-b0b2-40f2e96c8ad8.jpg,railway garbag,,,,,
262bf9e6-67a2-11e5-b0b2-40f2e96c8ad8.jpg,railway garbag,0,,,,
26b182dc-67a2-11e5-b0b2-40f2e96c8ad8.jpg,railway garbag,0,,,,
28449f94-67a2-11e5-b0b2-40f2e96c8ad8.jpg,railway garbag,0,,,,
28c28936-67a2-11e5-b0b2-40f2e96c8ad8.JPG,railway garbag,0,,,,
dacda04e-67a1-11e5-b0b2-40f2e96c8ad8.jpg,railway garbag,,,,,
dd1a540a-67a1-11e5-b0b2-40f2e96c8ad8.jpg,railway garbag,,,,,
de26ab50-67a1-11e5-b0b2-40f2e96c8ad8.jpg,railway garbag,0,,,,
dea356a0-67a1-11e5-b0b2-40f2e96c8ad8.jpg,railway garbag,,,,,
e1bb0f36-67a1-11e5-b0b2-40f2e96c8ad8.jpg,railway garbag,,,,,
e3f7499a-67a1-11e5-b0b2-40f2e96c8ad8.jpg,railway garbag,1,227,121,282,419
e489d4e0-67a1-11e5-b0b2-40f2e96c8ad8.jpg,railway garbag,,,,,
e77bd98c-67a1-11e5-b0b2-40f2e96c8ad8.jpg,railway garbag,,,,,
e819a0d6-67a1-11e5-b0b2-40f2e96c8ad8.jpg,railway garbag,1,76,220,384,289
e9a2863e-67a1-11e5-b0b2-40f2e96c8ad8.jpg,railway garbag,,,,,
ea150074-67a1-11e5-b0b2-40f2e96c8ad8.jpg,railway garbag,,,,,
eb07fc34-67a1-11e5-b0b2-40f2e96c8ad8.jpg,railway garbag,0,,,,
eb929eb6-67a1-11e5-b0b2-40f2e96c8ad8.jpg,railway garbag,,,,,
ed311b3a-67a1-11e5-b0b2-40f2e96c8ad8.jpg,railway garbag,0,,,,
eddf56dc-67a1-11e5-b0b2-40f2e96c8ad8.jpg,railway garbag,1,69,299,1185,885
f17a4c02-67a1-11e5-b0b2-40f2e96c8ad8.JPG,railway garbag,0,,,,
f1e2dcea-67a1-11e5-b0b2-40f2e96c8ad8.jpg,railway garbag,,,,,
f2a573ae-67a1-11e5-b0b2-40f2e96c8ad8.jpg,railway garbag,0,,,,
f2d5cf54-67a1-11e5-b0b2-40f2e96c8ad8.jpg,railway garbag,1,23,70,631,342
f317b0c2-67a1-11e5-b0b2-40f2e96c8ad8.jpg,railway garbag,,,,,
f545f502-67a1-11e5-b0b2-40f2e96c8ad8.jpg,railway garbag,0,,,,
fcd92d2a-67a1-11e5-b0b2-40f2e96c8ad8.jpg,railway garbag,1,8,100,300,172
fd67a08c-67a1-11e5-b0b2-40f2e96c8ad8.jpg,railway garbag,1,87,132,594,454
fd9a84f2-67a1-11e5-b0b2-40f2e96c8ad8.JPG,railway garbag,0,,,,
ff59fea8-67a1-11e5-b0b2-40f2e96c8ad8.jpg,railway garbag,0,,,,
018b761a-6799-11e5-8dd0-40f2e96c8ad8.jpg,roadside garbage,,,,,
07ff75e6-6799-11e5-8dd0-40f2e96c8ad8.jpg,roadside garbage,1,26,177,481,399
1da0cdd2-6799-11e5-8dd0-40f2e96c8ad8.jpg,roadside garbage,1,56,124,346,223
2655dada-6799-11e5-8dd0-40f2e96c8ad8.jpg,roadside garbage,1,24,75,315,205
2696bdfc-6799-11e5-8dd0-40f2e96c8ad8.jpg,roadside garbage,,,,,
27cf0b48-6799-11e5-8dd0-40f2e96c8ad8.jpg,roadside garbage,,,,,
29206136-6799-11e5-8dd0-40f2e96c8ad8.jpg,roadside garbage,0,,,,
297c00ea-6799-11e5-8dd0-40f2e96c8ad8.jpg,roadside garbage,1,154,334,360,480
29994b5a-6799-11e5-8dd0-40f2e96c8ad8.jpg,roadside garbage,0,,,,
2a5be2be-6799-11e5-8dd0-40f2e96c8ad8.jpg,roadside garbage,,,,,
2b144732-6799-11e5-8dd0-40f2e96c8ad8.jpg,roadside garbage,,,,,
2bf9a41c-6799-11e5-8dd0-40f2e96c8ad8.jpg,roadside garbage,,,,,
366426ac-6799-11e5-8dd0-40f2e96c8ad8.jpg,roadside garbage,1,38,97,240,178
38d02dd2-6799-11e5-8dd0-40f2e96c8ad8.jpg,roadside garbage,1,82,148,316,217
38eff9a0-6799-11e5-8dd0-40f2e96c8ad8.jpg,roadside garbage,0,,,,
3b2d7ad6-6798-11e5-8dd0-40f2e96c8ad8.JPG,roadside garbage,,,,,
3b500736-6798-11e5-8dd0-40f2e96c8ad8.jpg,roadside garbage,1,314,295,3431,2623
b5175740-6798-11e5-8dd0-40f2e96c8ad8.jpg,roadside garbage,1,1438,418,2305,1938
ba076ca4-6798-11e5-8dd0-40f2e96c8ad8.jpg,roadside garbage,1,20,284,1080,715
c0a5fb02-6798-11e5-8dd0-40f2e96c8ad8.jpg,roadside garbage,1,140,96,470,237
c1f1e214-6798-11e5-8dd0-40f2e96c8ad8.jpg,roadside garbage,1,226,193,611,476
c6139ab8-6798-11e5-8dd0-40f2e96c8ad8.jpg,roadside garbage,1,195,340,679,755
c8b35114-6798-11e5-8dd0-40f2e96c8ad8.jpg,roadside garbage,,,,,
c97d0eb4-6798-11e5-8dd0-40f2e96c8ad8.jpg,roadside garbage,,,,,
caa468aa-6798-11e5-8dd0-40f2e96c8ad8.jpg,roadside garbage,,,,,
cb079cc2-6798-11e5-8dd0-40f2e96c8ad8.jpg,roadside garbage,,,,,
cb7f2eb8-6798-11e5-8dd0-40f2e96c8ad8.jpg,roadside garbage,1,145,71,482,248
cc866fce-6798-11e5-8dd0-40f2e96c8ad8.jpg,roadside garbage,,,,,
d0b01500-6798-11e5-8dd0-40f2e96c8ad8.jpg,roadside garbage,,,,,
d35e99e8-6798-11e5-8dd0-40f2e96c8ad8.jpg,roadside garbage,,,,,
d44ef780-6798-11e5-8dd0-40f2e96c8ad8.jpg,roadside garbage,,,,,
d6a362c8-6798-11e5-8dd0-40f2e96c8ad8.jpg,roadside garbage,1,199,149,625,414
d785fb6a-6798-11e5-8dd0-40f2e96c8ad8.jpg,roadside garbage,,,,,
d910d13a-6798-11e5-8dd0-40f2e96c8ad8.jpg,roadside garbage,,,,,
db99b9e4-6798-11e5-8dd0-40f2e96c8ad8.jpg,roadside garbage,,,,,
df71f9c8-6798-11e5-8dd0-40f2e96c8ad8.jpg,roadside garbage,1,13,138,486,352
e184fff8-6798-11e5-8dd0-40f2e96c8ad8.jpg,roadside garbage,0,,,,
e3ad6a0e-6798-11e5-8dd0-40f2e96c8ad8.jpg,roadside garbage,,,,,
ef323454-6798-11e5-8dd0-40f2e96c8ad8.jpg,roadside garbage,1,41,325,1296,852
f3f192f0-6798-11e5-8dd0-40f2e96c8ad8.jpg,roadside garbage,1,68,126,463,343
f4fe2c76-6798-11e5-8dd0-40f2e96c8ad8.jpg,roadside garbage,0,,,,
f62feb16-6798-11e5-8dd0-40f2e96c8ad8.jpg,roadside garbage,1,75,394,496,878
fad5823e-6798-11e5-8dd0-40f2e96c8ad8.jpg,roadside garbage,,,,,
134f5306-679b-11e5-af8c-40f2e96c8ad8.jpg,rubbish,1,30,173,1101,1703
14c6b4fe-679b-11e5-af8c-40f2e96c8ad8.jpg,rubbish,,,,,
14ef7c18-679b-11e5-af8c-40f2e96c8ad8.png,rubbish,0,,,,
180bb8e4-679b-11e5-af8c-40f2e96c8ad8.jpg,rubbish,,,,,
19aba664-679b-11e5-af8c-40f2e96c8ad8.jpg,rubbish,1,0,2,460,285
1be2caac-679b-11e5-af8c-40f2e96c8ad8.jpg,rubbish,1,3,3,500,375
1cd61752-679b-11e5-af8c-40f2e96c8ad8.jpg,rubbish,,,,,
2067208c-679b-11e5-af8c-40f2e96c8ad8.jpg,rubbish,1,54,26,593,400
23382838-679b-11e5-af8c-40f2e96c8ad8.jpg,rubbish,1,85,55,568,570
25a736d6-679b-11e5-af8c-40f2e96c8ad8.jpg,rubbish,,,,,
27b7b5b8-679b-11e5-af8c-40f2e96c8ad8.jpg,rubbish,,,,,
27de75ae-679b-11e5-af8c-40f2e96c8ad8.jpg,rubbish,,,,,
2af56c0c-679b-11e5-af8c-40f2e96c8ad8.jpg,rubbish,1,18,132,468,293
2da41354-679b-11e5-af8c-40f2e96c8ad8.jpg,rubbish,1,45,157,355,268
2f9411d2-679b-11e5-af8c-40f2e96c8ad8.jpg,rubbish,,,,,
31fb8784-679b-11e5-af8c-40f2e96c8ad8.jpg,rubbish,0,,,,
34379ace-679b-11e5-af8c-40f2e96c8ad8.jpg,rubbish,,,,,
35ac3f2c-679b-11e5-af8c-40f2e96c8ad8.jpg,rubbish,,,,,
36f39db2-679b-11e5-af8c-40f2e96c8ad8.jpg,rubbish,0,,,,
39494454-679b-11e5-af8c-40f2e96c8ad8.jpg,rubbish,,,,,
3ae378ca-679b-11e5-af8c-40f2e96c8ad8.jpg,rubbish,1,30,104,597,325
3ca1a088-679b-11e5-af8c-40f2e96c8ad8.jpg,rubbish,,,,,
3d5b4f60-679b-11e5-af8c-40f2e96c8ad8.jpg,rubbish,,,,,
3f3d3f46-679b-11e5-af8c-40f2e96c8ad8.JPG,rubbish,,,,,
4167b738-679b-11e5-af8c-40f2e96c8ad8.jpg,rubbish,,,,,
4298e712-679b-11e5-af8c-40f2e96c8ad8.jpg,rubbish,,,,,
42ece894-679b-11e5-af8c-40f2e96c8ad8.jpg,rubbish,,,,,
44ab3b5e-679b-11e5-af8c-40f2e96c8ad8.jpg,rubbish,,,,,
48873fd4-679b-11e5-af8c-40f2e96c8ad8.jpg,rubbish,,,,,
4c147cde-679b-11e5-af8c-40f2e96c8ad8.JPG,rubbish,1,62,426,1048,960
4c4b329c-679b-11e5-af8c-40f2e96c8ad8.jpg,rubbish,1,27,195,629,507
4f48b352-679b-11e5-af8c-40f2e96c8ad8.jpg,rubbish,1,96,325,1010,763
51b51824-679b-11e5-af8c-40f2e96c8ad8.gif,rubbish,,,,,
533a504c-679b-11e5-af8c-40f2e96c8ad8.png,rubbish,,,,,
5666c516-679b-11e5-af8c-40f2e96c8ad8.jpg,rubbish,1,81,24,1183,944
587baaf6-679b-11e5-af8c-40f2e96c8ad8.jpg,rubbish,,,,,
5999dfd4-679b-11e5-af8c-40f2e96c8ad8.jpg,rubbish,1,15,75,604,391
5a0c58e8-679b-11e5-af8c-40f2e96c8ad8.jpg,rubbish,,,,,
5ba20734-679b-11e5-af8c-40f2e96c8ad8.png,rubbish,0,,,,
5c911cf2-679b-11e5-af8c-40f2e96c8ad8.jpg,rubbish,1,765,560,1539,1024
631f9f9e-679b-11e5-af8c-40f2e96c8ad8.jpg,rubbish,1,197,744,2784,1851
6b60dd9e-679b-11e5-af8c-40f2e96c8ad8.jpg,rubbish,,,,,
6fe99f36-679b-11e5-af8c-40f2e96c8ad8.jpg,rubbish,1,79,1,454,276
73f3b7e2-679b-11e5-af8c-40f2e96c8ad8.jpg,rubbish,,,,,
764aa67c-679b-11e5-af8c-40f2e96c8ad8.jpg,rubbish,,,,,
79a0124e-679b-11e5-af8c-40f2e96c8ad8.jpg,rubbish,,,,,
7bfed296-679b-11e5-af8c-40f2e96c8ad8.jpg,rubbish,0,,,,
7e26b660-679b-11e5-af8c-40f2e96c8ad8.jpg,rubbish,1,56,212,763,506
7f87b73e-679b-11e5-af8c-40f2e96c8ad8.jpg,rubbish,1,13,86,342,232
00a5c14e-67a1-11e5-a5ed-40f2e96c8ad8.jpg,street garbage,0,,,,
079deaee-67a1-11e5-a5ed-40f2e96c8ad8.jpg,street garbage,0,,,,
08c0dc6a-67a1-11e5-a5ed-40f2e96c8ad8.jpg,street garbage,,,,,
09ba1f5a-67a1-11e5-a5ed-40f2e96c8ad8.jpg,street garbage,0,,,,
0c467a98-67a1-11e5-a5ed-40f2e96c8ad8.jpg,street garbage,,,,,
0d7cc58e-67a1-11e5-a5ed-40f2e96c8ad8.jpg,street garbage,,,,,
1069a74e-67a1-11e5-a5ed-40f2e96c8ad8.jpg,street garbage,0,,,,
16d141f0-67a1-11e5-a5ed-40f2e96c8ad8.jpg,street garbage,0,,,,
1a347966-67a1-11e5-a5ed-40f2e96c8ad8.jpg,street garbage,1,140,380,417,665
1c5c6992-67a1-11e5-a5ed-40f2e96c8ad8.jpg,street garbage,0,,,,
2daaf204-67a1-11e5-a5ed-40f2e96c8ad8.jpg,street garbage,,,,,
2f1bfc5a-67a1-11e5-a5ed-40f2e96c8ad8.jpg,street garbage,0,,,,
30d3f67e-67a1-11e5-a5ed-40f2e96c8ad8.jpg,street garbage,,,,,
32ad0828-67a1-11e5-a5ed-40f2e96c8ad8.jpg,street garbage,1,151,65,616,477
3305e9de-67a1-11e5-a5ed-40f2e96c8ad8.jpg,street garbage,1,141,152,579,505
33e3c402-67a1-11e5-a5ed-40f2e96c8ad8.jpg,street garbage,,,,,
352f28ce-67a1-11e5-a5ed-40f2e96c8ad8.jpg,street garbage,,,,,
40977f36-67a1-11e5-a5ed-40f2e96c8ad8.jpg,street garbage,0,,,,
4551a6e6-67a1-11e5-a5ed-40f2e96c8ad8.jpg,street garbage,,,,,
45bcc796-67a1-11e5-a5ed-40f2e96c8ad8.jpg,street garbage,,,,,
46673910-67a1-11e5-a5ed-40f2e96c8ad8.jpg,street garbage,,,,,
49d22132-67a1-11e5-a5ed-40f2e96c8ad8.jpg,street garbage,0,,,,
5167fe44-67a1-11e5-a5ed-40f2e96c8ad8.jpg,street garbage,1,192,138,487,380
51a6b8a0-67a1-11e5-a5ed-40f2e96c8ad8.jpg,street garbage,,,,,
5e415b4c-67a1-11e5-a5ed-40f2e96c8ad8.jpg,street garbage,,,,,
5e89d796-67a1-11e5-a5ed-40f2e96c8ad8.jpg,street garbage,0,,,,
5f7ad20e-67a1-11e5-a5ed-40f2e96c8ad8.jpg,street garbage,,,,,
6b8a04ac-67a1-11e5-a5ed-40f2e96c8ad8.jpg,street garbage,,,,,
b7b86ebe-67a0-11e5-a5ed-40f2e96c8ad8.jpg,street garbage,,,,,
b900043a-67a0-11e5-a5ed-40f2e96c8ad8.jpg,street garbage,1,365,453,998,692
bd624f24-67a0-11e5-a5ed-40f2e96c8ad8.jpg,street garbage,1,363,310,900,600
c069551e-67a0-11e5-a5ed-40f2e96c8ad8.jpg,street garbage,,,,,
c3e120e6-67a0-11e5-a5ed-40f2e96c8ad8.jpg,street garbage,,,,,
cc96c98e-67a0-11e5-a5ed-40f2e96c8ad8.jpg,street garbage,1,295,331,633,510
d855e19c-67a0-11e5-a5ed-40f2e96c8ad8.jpg,street garbage,,,,,
e0449fa6-67a0-11e5-a5ed-40f2e96c8ad8.jpg,street garbage,,,,,
e365bee0-67a0-11e5-a5ed-40f2e96c8ad8.jpg,street garbage,0,,,,
e7941b4c-67a0-11e5-a5ed-40f2e96c8ad8.jpg,street garbage,,,,,
e8887d18-67a0-11e5-a5ed-40f2e96c8ad8.jpg,street garbage,1,126,431,1209,762
ead7d12c-67a0-11e5-a5ed-40f2e96c8ad8.jpg,street garbage,0,,,,
ef3fcb0c-67a0-11e5-a5ed-40f2e96c8ad8.jpg,street garbage,,,,,
efa816f8-67a0-11e5-a5ed-40f2e96c8ad8.jpg,street garbage,,,,,
f01435ae-67a0-11e5-a5ed-40f2e96c8ad8.jpg,street garbage,1,790,356,1673,1908
f29202de-67a0-11e5-a5ed-40f2e96c8ad8.jpg,street garbage,0,,,,
f3905e74-67a0-11e5-a5ed-40f2e96c8ad8.jpg,street garbage,1,947,817,3219,2144
fd66bbc8-67a0-11e5-a5ed-40f2e96c8ad8.jpg,street garbage,1,29,78,780,520
ff3f23cc-67a0-11e5-a5ed-40f2e96c8ad8.jpg,street garbage,,,,,
05c8ebfa-679d-11e5-90f4-40f2e96c8ad8.jpg,street litter,,,,,
071ddf2e-679d-11e5-90f4-40f2e96c8ad8.jpg,street litter,1,87,10,435,265
0809ed42-679d-11e5-90f4-40f2e96c8ad8.jpg,street litter,,,,,
09db550c-679d-11e5-90f4-40f2e96c8ad8.jpg,street litter,1,430,1510,3478,3451
3943d558-679d-11e5-90f4-40f2e96c8ad8.jpg,street litter,1,52,72,187,176
3c0ef588-679d-11e5-90f4-40f2e96c8ad8.jpg,street litter,,,,,
3ee16ebc-679d-11e5-90f4-40f2e96c8ad8.jpg,street litter,,,,,
3fc8a174-679d-11e5-90f4-40f2e96c8ad8.jpg,street litter,1,25,284,549,1048
4333c5be-679d-11e5-90f4-40f2e96c8ad8.jpg,street litter,1,4,3,500,279
47531a5a-679d-11e5-90f4-40f2e96c8ad8.jpg,street litter,1,110,254,1600,993
4aea0dcc-679d-11e5-90f4-40f2e96c8ad8.jpg,street litter,1,73,162,466,316
4cc9d74e-679d-11e5-90f4-40f2e96c8ad8.jpg,street litter,1,63,516,633,941
5452da10-679d-11e5-90f4-40f2e96c8ad8.jpg,street litter,,,,,
54f31b92-679d-11e5-90f4-40f2e96c8ad8.jpg,street litter,,,,,
55bf6c38-679d-11e5-90f4-40f2e96c8ad8.jpg,street litter,,,,,
5708cfe4-679d-11e5-90f4-40f2e96c8ad8.jpg,street litter,,,,,
59db14f2-679d-11e5-90f4-40f2e96c8ad8.jpg,street litter,,,,,
5ae4e6fc-679d-11e5-90f4-40f2e96c8ad8.jpg,street litter,1,26,48,429,414
5c68c124-679d-11e5-90f4-40f2e96c8ad8.jpg,street litter,,,,,
5da02816-679d-11e5-90f4-40f2e96c8ad8.jpg,street litter,1,214,147,344,413
611fb088-679d-11e5-90f4-40f2e96c8ad8.jpg,street litter,,,,,
6524b944-679d-11e5-90f4-40f2e96c8ad8.jpg,street litter,,,,,
65955230-679d-11e5-90f4-40f2e96c8ad8.jpg,street litter,,,,,
686bba3a-679d-11e5-90f4-40f2e96c8ad8.JPG,street litter,0,,,,
6d37704a-679d-11e5-90f4-40f2e96c8ad8.jpg,street litter,1,60,111,312,141
6e96f15e-679d-11e5-90f4-40f2e96c8ad8.jpeg,street litter,,,,,
71773618-679d-11e5-90f4-40f2e96c8ad8.jpg,street litter,,,,,
75d0cd0a-679d-11e5-90f4-40f2e96c8ad8.jpg,street litter,0,,,,
7bb28b32-679d-11e5-90f4-40f2e96c8ad8.jpg,street litter,0,,,,
7c36afa2-679d-11e5-90f4-40f2e96c8ad8.jpg,street litter,1,275,137,468,455
7e47b214-679d-11e5-90f4-40f2e96c8ad8.jpg,street litter,,,,,
7fef2ae8-679d-11e5-90f4-40f2e96c8ad8.jpg,street litter,0,,,,
80aca528-679d-11e5-90f4-40f2e96c8ad8.jpg,street litter,1,101,141,496,367
8207f620-679d-11e5-90f4-40f2e96c8ad8.jpg,street litter,,,,,
850e6188-679d-11e5-90f4-40f2e96c8ad8.jpg,street litter,1,694,466,854,779
867def48-679d-11e5-90f4-40f2e96c8ad8.jpg,street litter,,,,,
893812ea-679d-11e5-90f4-40f2e96c8ad8.jpg,street litter,,,,,
8a70c2d8-679d-11e5-90f4-40f2e96c8ad8.jpg,street litter,0,,,,
8b9e324e-679d-11e5-90f4-40f2e96c8ad8.jpg,street litter,0,,,,
8e783a00-679d-11e5-90f4-40f2e96c8ad8.jpg,street litter,1,8,2,615,404
9007c728-679d-11e5-90f4-40f2e96c8ad8.jpg,street litter,,,,,
9adb3ce8-679d-11e5-90f4-40f2e96c8ad8.JPG,street litter,1,603,805,720,910
9d53e8b2-679d-11e5-90f4-40f2e96c8ad8.JPG,street litter,1,473,524,3500,1932
d1625026-679d-11e5-90f4-40f2e96c8ad8.jpg,street litter,,,,,
d422c64c-679d-11e5-90f4-40f2e96c8ad8.jpg,street litter,1,22,68,133,175
f7c31030-679c-11e5-90f4-40f2e96c8ad8.jpg,street litter,1,66,68,378,251
fc27730a-679c-11e5-90f4-40f2e96c8ad8.jpg,street litter,1,18,54,319,343
09064b10-679c-11e5-a533-40f2e96c8ad8.jpg,trash,,,,,
15461d1a-679c-11e5-a533-40f2e96c8ad8.JPG,trash,1,334,515,1485,1073
1713c46c-679c-11e5-a533-40f2e96c8ad8.jpg,trash,0,,,,
173f7b16-679c-11e5-a533-40f2e96c8ad8.png,trash,,,,,
1b3085e4-679c-11e5-a533-40f2e96c8ad8.jpg,trash,1,27,84,287,224
21762468-679c-11e5-a533-40f2e96c8ad8.png,trash,,,,,
22747a7c-679c-11e5-a533-40f2e96c8ad8.6a00d8341c630a53ef015392bde75c970b-300wi,trash,,,,,
25fbaf4e-679c-11e5-a533-40f2e96c8ad8.jpg,trash,1,38,52,381,245
2a798c3a-679c-11e5-a533-40f2e96c8ad8.jpg,trash,,,,,
2bf41454-679c-11e5-a533-40f2e96c8ad8.jpg,trash,,,,,
2c33b546-679c-11e5-a533-40f2e96c8ad8.jpg,trash,1,14,71,261,182
30317fc0-679c-11e5-a533-40f2e96c8ad8.jpg,trash,1,3,159,436,328
310cb360-679c-11e5-a533-40f2e96c8ad8.gif,trash,,,,,
31e26370-679c-11e5-a533-40f2e96c8ad8.jpg,trash,1,2,3,499,326
349f0974-679c-11e5-a533-40f2e96c8ad8.jpg,trash,0,,,,
34eb7e62-679c-11e5-a533-40f2e96c8ad8.jpg,trash,1,23,94,593,393
384ca7e8-679c-11e5-a533-40f2e96c8ad8.jpg,trash,1,68,101,217,403
392bee8a-679c-11e5-a533-40f2e96c8ad8.jpg,trash,1,126,22,2163,1367
87e4f2c0-679b-11e5-a533-40f2e96c8ad8.jpg,trash,,,,,
88172114-679b-11e5-a533-40f2e96c8ad8.jpg,trash,,,,,
8b1514c0-679b-11e5-a533-40f2e96c8ad8.jpg,trash,1,272,358,1119,764
8e897574-679b-11e5-a533-40f2e96c8ad8.jpg,trash,1,459,977,1698,2565
94886d18-679b-11e5-a533-40f2e96c8ad8.jpg,trash,,,,,
95406aa8-679b-11e5-a533-40f2e96c8ad8.jpg,trash,1,129,1170,2799,4252
a71abc38-679b-11e5-a533-40f2e96c8ad8.jpg,trash,,,,,
a95b9814-679b-11e5-a533-40f2e96c8ad8.JPG,trash,,,,,
a9e6b336-679b-11e5-a533-40f2e96c8ad8.jpg,trash,1,46,121,352,263
aac7590e-679b-11e5-a533-40f2e96c8ad8.jpg,trash,1,40,601,1679,1117
bb597914-679b-11e5-a533-40f2e96c8ad8.jpg,trash,,,,,
bb874434-679b-11e5-a533-40f2e96c8ad8.jpg,trash,1,269,204,623,463
bbb8e818-679b-11e5-a533-40f2e96c8ad8.jpg,trash,1,132,32,454,391
bdb07e74-679b-11e5-a533-40f2e96c8ad8.jpg,trash,,,,,
bf192dd8-679b-11e5-a533-40f2e96c8ad8.jpg,trash,,,,,
bf623154-679b-11e5-a533-40f2e96c8ad8.png,trash,0,,,,
c03f4f8a-679b-11e5-a533-40f2e96c8ad8.jpg,trash,,,,,
c439e6ea-679b-11e5-a533-40f2e96c8ad8.jpg,trash,1,118,499,943,1237
c78278b2-679b-11e5-a533-40f2e96c8ad8.jpg,trash,1,308,119,411,203
c98e686e-679b-11e5-a533-40f2e96c8ad8.jpg,trash,,,,,
cc5c414c-679b-11e5-a533-40f2e96c8ad8.JPG,trash,1,305,473,1485,900
cc9a9b04-679b-11e5-a533-40f2e96c8ad8.jpg,trash,1,9,10,493,369
cd5be980-679b-11e5-a533-40f2e96c8ad8.jpg,trash,1,15,19,449,338
ce8848d0-679b-11e5-a533-40f2e96c8ad8.jpg,trash,1,67,32,1067,717
d220b05e-679b-11e5-a533-40f2e96c8ad8.jpg,trash,,,,,
d7a7087a-679b-11e5-a533-40f2e96c8ad8.jpg,trash,1,0,333,2048,1365
dce3483a-679b-11e5-a533-40f2e96c8ad8.JPG,trash,1,56,61,1492,1127
f174c27e-679b-11e5-a533-40f2e96c8ad8.jpg,trash,,,,,
f3f6e950-679b-11e5-a533-40f2e96c8ad8.jpg,trash,1,325,113,435,327
f50857e8-679b-11e5-a533-40f2e96c8ad8.jpg,trash,1,10,174,597,449
f5f4c3e4-679b-11e5-a533-40f2e96c8ad8.jpg,trash,,,,,
731fe2d4-679e-11e5-b0d3-40f2e96c8ad8.jpg,trash on roads,,,,,
7530958c-679e-11e5-b0d3-40f2e96c8ad8.jpg,trash on roads,,,,,
77d47952-679e-11e5-b0d3-40f2e96c8ad8.jpg,trash on roads,,,,,
792f9e6c-679e-11e5-b0d3-40f2e96c8ad8.jpg,trash on roads,1,153,68,440,353
7bc116a6-679e-11e5-b0d3-40f2e96c8ad8.jpg,trash on roads,,,,,
7e658be4-679e-11e5-b0d3-40f2e96c8ad8.jpg,trash on roads,1,148,222,1300,878
80bfceae-679e-11e5-b0d3-40f2e96c8ad8.png,trash on roads,1,30,240,1578,1039
81c378c8-679e-11e5-b0d3-40f2e96c8ad8.jpg,trash on roads,,,,,
81ff468c-679e-11e5-b0d3-40f2e96c8ad8.jpg,trash on roads,,,,,
8237471c-679e-11e5-b0d3-40f2e96c8ad8.jpg,trash on roads,,,,,
826e000e-679e-11e5-b0d3-40f2e96c8ad8.jpg,trash on roads,1,2,0,619,417
83f32530-679e-11e5-b0d3-40f2e96c8ad8.jpg,trash on roads,,,,,
858f29f2-679e-11e5-b0d3-40f2e96c8ad8.jpg,trash on roads,,,,,
85b2d064-679e-11e5-b0d3-40f2e96c8ad8.jpg,trash on roads,,,,,
89b70964-679e-11e5-b0d3-40f2e96c8ad8.jpg,trash on roads,,,,,
8b245de2-679e-11e5-b0d3-40f2e96c8ad8.jpg,trash on roads,1,16,171,598,402
8b9e7258-679e-11e5-b0d3-40f2e96c8ad8.jpg,trash on roads,,,,,
8d108cde-679e-11e5-b0d3-40f2e96c8ad8.jpg,trash on roads,,,,,
9117d378-679e-11e5-b0d3-40f2e96c8ad8.jpg,trash on roads,1,1040,1346,1994,1913
9598b174-679e-11e5-b0d3-40f2e96c8ad8.jpg,trash on roads,,,,,
96f01094-679e-11e5-b0d3-40f2e96c8ad8.jpg,trash on roads,,,,,
99cf372c-679e-11e5-b0d3-40f2e96c8ad8.jpg,trash on roads,1,91,70,392,225
9a2ad2b2-679e-11e5-b0d3-40f2e96c8ad8.jpg,trash on roads,,,,,
9c6ae800-679e-11e5-b0d3-40f2e96c8ad8.jpg,trash on roads,,,,,
9e7be676-679e-11e5-b0d3-40f2e96c8ad8.jpg,trash on roads,0,,,,
9f926634-679e-11e5-b0d3-40f2e96c8ad8.jpg,trash on roads,,,,,
a1cc13b4-679e-11e5-b0d3-40f2e96c8ad8.jpg,trash on roads,1,233,240,592,380
a210c932-679e-11e5-b0d3-40f2e96c8ad8.jpg,trash on roads,1,111,79,262,192
a4995a0c-679e-11e5-b0d3-40f2e96c8ad8.jpg,trash on roads,,,,,
a4c86fb8-679e-11e5-b0d3-40f2e96c8ad8.jpg,trash on roads,1,105,162,626,448
a5ea616c-679e-11e5-b0d3-40f2e96c8ad8.png,trash on roads,0,,,,
aa2088ba-679e-11e5-b0d3-40f2e96c8ad8.jpg,trash on roads,,,,,
ad7286d0-679e-11e5-b0d3-40f2e96c8ad8.jpg,trash on roads,,,,,
ae586b14-679e-11e5-b0d3-40f2e96c8ad8.jpg,trash on roads,,,,,
afe42072-679e-11e5-b0d3-40f2e96c8ad8.jpg,trash on roads,,,,,
b01814f4-679e-11e5-b0d3-40f2e96c8ad8.jpg,trash on roads,1,608,1262,2288,2039
b6b92d2a-679e-11e5-b0d3-40f2e96c8ad8.jpg,trash on roads,,,,,
b8cf4c34-679e-11e5-b0d3-40f2e96c8ad8.jpg,trash on roads,1,62,138,158,215
b95d0380-679e-11e5-b0d3-40f2e96c8ad8.jpg,trash on roads,,,,,
b975e710-679e-11e5-b0d3-40f2e96c8ad8.JPG,trash on roads,,,,,
ba01cf5a-679e-11e5-b0d3-40f2e96c8ad8.jpg,trash on roads,1,253,143,591,230
bbd22d48-679e-11e5-b0d3-40f2e96c8ad8.jpg,trash on roads,1,124,228,581,430
be03cab8-679e-11e5-b0d3-40f2e96c8ad8.jpg,trash on roads,,,,,
c0aa7294-679e-11e5-b0d3-40f2e96c8ad8.jpg,trash on roads,,,,,
c3352676-679e-11e5-b0d3-40f2e96c8ad8.jpg,trash on roads,,,,,
c5e12690-679e-11e5-b0d3-40f2e96c8ad8.jpg,trash on roads,,,,,
c68f666a-679e-11e5-b0d3-40f2e96c8ad8.jpg,trash on roads,1,132,157,338,312
c8e3c5a0-679e-11e5-b0d3-40f2e96c8ad8.JPG,trash on roads,1,28,44,400,270
c9e9be1e-679e-11e5-b0d3-40f2e96c8ad8.JPG,trash on roads,,,,,
00313e1a-67a0-11e5-89b3-40f2e96c8ad8.jpg,waste,,,,,
05b88d70-67a0-11e5-89b3-40f2e96c8ad8.jpg,waste,,,,,
07bf388a-67a0-11e5-89b3-40f2e96c8ad8.jpg,waste,,,,,
0b70052c-67a0-11e5-89b3-40f2e96c8ad8.jpeg,waste,,,,,
101a1540-67a0-11e5-89b3-40f2e96c8ad8.JPG,waste,,,,,
15124036-67a0-11e5-89b3-40f2e96c8ad8.jpg,waste,,,,,
181d2214-67a0-11e5-89b3-40f2e96c8ad8.jpg,waste,,,,,
1c876148-67a0-11e5-89b3-40f2e96c8ad8.jpg,waste,1,26,170,592,443
1e183230-67a0-11e5-89b3-40f2e96c8ad8.jpg,waste,1,4,8,2560,1920
302a3e1e-67a0-11e5-89b3-40f2e96c8ad8.JPG,waste,,,,,
398d6594-67a0-11e5-89b3-40f2e96c8ad8.jpg,waste,,,,,
3a0f2156-67a0-11e5-89b3-40f2e96c8ad8.jpg,waste,1,63,1260,3500,2690
3bf77554-67a0-11e5-89b3-40f2e96c8ad8.jpg,waste,1,166,382,922,675
416d45f4-67a0-11e5-89b3-40f2e96c8ad8.jpg,waste,1,5,131,228,216
41f8e5fa-67a0-11e5-89b3-40f2e96c8ad8.jpg,waste,0,,,,
421dc3c0-67a0-11e5-89b3-40f2e96c8ad8.jpg,waste,1,47,181,606,399
42ac05a4-67a0-11e5-89b3-40f2e96c8ad8.jpg,waste,,,,,
4496ea3c-67a0-11e5-89b3-40f2e96c8ad8.jpg,waste,1,26,136,417,344
51c09ea6-67a0-11e5-89b3-40f2e96c8ad8.jpg,waste,1,28,130,370,280
52a1889e-67a0-11e5-89b3-40f2e96c8ad8.jpg,waste,1,7,4,626,450
54c316b0-67a0-11e5-89b3-40f2e96c8ad8.jpg,waste,0,,,,
5802c9ce-67a0-11e5-89b3-40f2e96c8ad8.jpg,waste,1,1,2,345,273
5c777266-67a0-11e5-89b3-40f2e96c8ad8.jpg,waste,,,,,
5ed237e4-67a0-11e5-89b3-40f2e96c8ad8.jpg,waste,1,2,8,374,373
bf3122a4-679f-11e5-89b3-40f2e96c8ad8.jpg,waste,1,25,20,678,541
c3113530-679f-11e5-89b3-40f2e96c8ad8.jpg,waste,,,,,
c51c204c-679f-11e5-89b3-40f2e96c8ad8.jpg,waste,0,,,,
c6da287a-679f-11e5-89b3-40f2e96c8ad8.jpg,waste,,,,,
ce179f46-679f-11e5-89b3-40f2e96c8ad8.jpg,waste,1,91,29,785,526
cfa45e80-679f-11e5-89b3-40f2e96c8ad8.jpg,waste,1,7,10,512,387
d2f86bda-679f-11e5-89b3-40f2e96c8ad8.jpg,waste,1,43,503,1353,755
d5f7425c-679f-11e5-89b3-40f2e96c8ad8.JPG,waste,1,11,15,416,277
d73ce4e6-679f-11e5-89b3-40f2e96c8ad8.jpg,waste,,,,,
dadd3b28-679f-11e5-89b3-40f2e96c8ad8.jpg,waste,,,,,
df2dfd5c-679f-11e5-89b3-40f2e96c8ad8.jpg,waste,1,16,13,458,253
e0c11ed8-679f-11e5-89b3-40f2e96c8ad8.jpg,waste,1,1367,1000,2368,1367
e4b1a670-679f-11e5-89b3-40f2e96c8ad8.jpg,waste,,,,,
e6ea104e-679f-11e5-89b3-40f2e96c8ad8.jpg,waste,,,,,
e8ea4080-679f-11e5-89b3-40f2e96c8ad8.jpg,waste,,,,,
ef2002e6-679f-11e5-89b3-40f2e96c8ad8.jpg,waste,,,,,
f1ddb3de-679f-11e5-89b3-40f2e96c8ad8.jpg,waste,1,44,16,849,553
f42f666e-679f-11e5-89b3-40f2e96c8ad8.jpg,waste,1,6,2,900,599
f57caa36-679f-11e5-89b3-40f2e96c8ad8.jpg,waste,1,68,150,404,272
f775f9c8-679f-11e5-89b3-40f2e96c8ad8.jpg,waste,,,,,
fa91c5ba-679f-11e5-89b3-40f2e96c8ad8.jpg,waste,1,327,238,1898,1442
fcf6aa8c-679f-11e5-89b3-40f2e96c8ad8.jpg,waste,1,4,6,629,386
fe465ee6-679f-11e5-89b3-40f2e96c8ad8.jpg,waste,1,6,345,1300,973